fixture_id,date,timestamp,timezone,referee,status_short,status_long,elapsed_time,league_id,league_name,country,season,round,home_team_id,home_team_name,home_team_winner,away_team_id,away_team_name,away_team_winner,goals_home,goals_away,score_ht_home,score_ht_away,score_ft_home,score_ft_away,score_et_home,score_et_away,score_pen_home,score_pen_away,venue_name,venue_city
1485751,2025-11-12T01:00:00+00:00,1762909200,UTC,,AET,Match Finished,120,304,Liga Panameña de Fútbol,Panama,2025,Quarter-finals,2890,Independiente de La Chorrera,True,2889,Sporting San Miguelito,False,2,1,0,1,1,1,1,0,,,,La Chorrera
1485254,2025-11-12T01:20:00+00:00,1762910400,UTC,,FT,Match Finished,90,240,Primera B,Colombia,2025,Clausura - Quadrangular - 3,1460,Popayan,True,1140,Patriotas,False,1,0,1,0,1,0,,,,,,Cali
1468971,2025-11-12T08:30:00+00:00,1762936200,UTC,,FT,Match Finished,90,1140,AFC Women's Champions League,World,2025,Group Stage - 2,26441,Ispe W,False,16951,Tokyo Verdy Beleza W,True,0,1,0,1,0,1,,,,,,
1470411,2025-11-12T08:30:00+00:00,1762936200,UTC,,FT,Match Finished,90,275,Liga 2,Indonesia,2025,Regular Season East - 16,26648,Tornado Pekanbaru,False,2453,Barito Putera,True,1,2,0,1,1,2,,,,,Jatidiri Stadium,Semarang
1470495,2025-11-12T08:30:00+00:00,1762936200,UTC,,FT,Match Finished,90,275,Liga 2,Indonesia,2025,Regular Season West - 18,24993,Adhyaksa,,4242,Persiraja Banda Aceh,,1,1,0,0,1,1,,,,,Stadion Sriwedari,Banten
1366938,2025-11-12T09:00:00+00:00,1762938000,UTC,,FT,Match Finished,90,893,UEFA U19 Championship - Qualification,World,2026,Qualifying Round - 1,10333,Finland U19,True,10337,Iceland U19,False,3,2,2,1,3,2,,,,,,
1412606,2025-11-12T09:00:00+00:00,1762938000,UTC,,FT,Match Finished,90,336,Druha Liga,Ukraine,2025,Regular Season - 18,6497,Real Pharm,False,6494,Nyva Vinnytsya,True,0,5,0,2,0,5,,,,,Stadion FSK Ivan,Odesa
1412614,2025-11-12T09:30:00+00:00,1762939800,UTC,,FT,Match Finished,90,336,Druha Liga,Ukraine,2025,Regular Season - 18,26189,Penuel,False,21954,Lokomotiv Kyiv,True,0,4,0,3,0,4,,,,,Stadion Svitlo,Kryvyi Rih
1366920,2025-11-12T10:00:00+00:00,1762941600,UTC,,FT,Match Finished,90,893,UEFA U19 Championship - Qualification,World,2026,Qualifying Round - 1,10339,Latvia U19,,10345,Scotland U19,,2,2,2,2,2,2,,,,,,
1366926,2025-11-12T10:00:00+00:00,1762941600,UTC,,FT,Match Finished,90,893,UEFA U19 Championship - Qualification,World,2026,Qualifying Round - 1,10359,Bosnia-Herzegovina U19,False,10376,Poland U19,True,1,2,0,1,1,2,,,,,,
1366940,2025-11-12T10:00:00+00:00,1762941600,UTC,,FT,Match Finished,90,893,UEFA U19 Championship - Qualification,World,2026,Qualifying Round - 1,10372,Malta U19,False,10375,Northern Ireland U19,True,0,1,0,1,0,1,,,,,,
1412611,2025-11-12T10:00:00+00:00,1762941600,UTC,,FT,Match Finished,90,336,Druha Liga,Ukraine,2025,Regular Season - 18,9148,Chornomorets II,,24588,Oleksandria II,,1,1,1,0,1,1,,,,,SK Lyustdorf,Odesa
1470412,2025-11-12T10:00:00+00:00,1762941600,UTC,,FT,Match Finished,90,275,Liga 2,Indonesia,2025,Regular Season East - 16,2440,Persipura Jayapura,True,15830,Persipal,False,3,0,3,0,3,0,,,,,Mandala Stadium,Jayapura
1481758,2025-11-12T10:00:00+00:00,1762941600,UTC,,FT,Match Finished,90,893,UEFA U19 Championship - Qualification,World,2026,Qualifying Round - 1,25809,ABFF U19,False,10364,Greece U19,True,0,2,0,0,0,2,,,,,,
1366936,2025-11-12T10:30:00+00:00,1762943400,UTC,,FT,Match Finished,90,893,UEFA U19 Championship - Qualification,World,2026,Qualifying Round - 1,10335,Georgia U19,False,10329,Croatia U19,True,0,2,0,1,0,2,,,,,,
1412615,2025-11-12T10:30:00+00:00,1762943400,UTC,,FT,Match Finished,90,336,Druha Liga,Ukraine,2025,Regular Season - 18,3624,Hirnyk-Sport,False,26740,Livyi Bereg 2,True,1,4,0,1,1,4,,,,,Yunist Stadium,Horisni Plavni
1412484,2025-11-12T10:45:00+00:00,1762944300,UTC,,FT,Match Finished,90,336,Druha Liga,Ukraine,2025,Regular Season - 18,26187,Atlet,False,24589,Polissya II,True,1,4,0,1,1,4,,,,,Stadion Atlet,Kyiv
1366934,2025-11-12T11:00:00+00:00,1762945200,UTC,,FT,Match Finished,90,893,UEFA U19 Championship - Qualification,World,2026,Qualifying Round - 1,10374,Montenegro U19,False,10347,Slovakia U19,True,0,3,0,1,0,3,,,,,,
1400446,2025-11-12T11:00:00+00:00,1762945200,UTC,,FT,Match Finished,90,334,Persha Liga,Ukraine,2025,Regular Season - 5,17162,Livyi Bereh,,14433,Chernihiv,,1,1,1,1,1,1,,,,,Arena Livyi Bereg,Kyiv
1412610,2025-11-12T11:00:00+00:00,1762945200,UTC,,FT,Match Finished,90,336,Druha Liga,Ukraine,2025,Regular Season - 18,6483,Chayka,True,6487,Dinaz Vyshhorod,False,5,0,4,0,5,0,,,,,Tsentralnyi stadion im. Mikhaila Brukvenka,Makariv
1435881,2025-11-12T11:00:00+00:00,1762945200,UTC,,FT,Match Finished,90,566,Ligue A,Burundi,2025,Regular Season - 12,14270,Muzinga,True,8104,Le Messager Ngozi,False,2,1,,,2,1,,,,,Stade Urunani,Buganda
1436394,2025-11-12T11:00:00+00:00,1762945200,UTC,,INT,Match Interrupted,,733,I Liga - Women,Slovakia,2025,Regular Season - 11,21586,Tatran Prešov W,,15976,Trenčín W,,0,0,,,,,,,,,,
1485979,2025-11-12T11:00:00+00:00,1762945200,UTC,,PEN,Match Finished,120,486,Coppa,Belarus,2025,Round of 32,3392,Slonim,True,387,Neman,False,0,0,0,0,0,0,0,0,5,4,Yunost Stadium,Slonim
1366929,2025-11-12T11:30:00+00:00,1762947000,UTC,,FT,Match Finished,90,893,UEFA U19 Championship - Qualification,World,2026,Qualifying Round - 1,10331,Denmark U19,True,10379,San Marino U19,False,6,0,1,0,6,0,,,,,,
1412605,2025-11-12T11:30:00+00:00,1762947000,UTC,,FT,Match Finished,90,336,Druha Liga,Ukraine,2025,Regular Season - 18,21956,Skala 1911 Stryi,True,24570,Vilkhivtsi,False,4,1,0,0,4,1,,,,,Stadion Sokil,Stryi
1366923,2025-11-12T12:00:00+00:00,1762948800,UTC,,FT,Match Finished,90,893,UEFA U19 Championship - Qualification,World,2026,Qualifying Round - 1,10334,France U19,True,10362,Faroe Islands U19,False,4,0,2,0,4,0,,,,,,
1412608,2025-11-12T12:00:00+00:00,1762948800,UTC,,FT,Match Finished,90,336,Druha Liga,Ukraine,2025,Regular Season - 18,6499,Uzhhorod,False,24566,Kulykiv,True,0,2,0,2,0,2,,,,,Avanhard Stadium,Uzhorod
1427295,2025-11-12T12:00:00+00:00,1762948800,UTC,,FT,Match Finished,90,175,Third League - Northeast,Bulgaria,2025,Northeast - 9,8509,Botev Novi Pazar,False,14220,Dorostol,True,1,2,,,1,2,,,,,Stadion Botev,Novi pazar
1427297,2025-11-12T12:00:00+00:00,1762948800,UTC,,FT,Match Finished,90,175,Third League - Northeast,Bulgaria,2025,Northeast - 9,17310,Spartak Varna II,True,8510,Chernolomets 1919,False,5,0,3,0,5,0,,,,,Stadion Lokomotiv,Varna
1427298,2025-11-12T12:00:00+00:00,1762948800,UTC,,FT,Match Finished,90,175,Third League - Northeast,Bulgaria,2025,Northeast - 9,8514,Septemvri Tervel,True,6397,Svetkavitsa Targovishte,False,9,0,,,9,0,,,,,Gradski stadion,Tervel
1470413,2025-11-12T12:00:00+00:00,1762948800,UTC,,FT,Match Finished,90,275,Liga 2,Indonesia,2025,Regular Season East - 16,2457,Persiba Balikpapan,False,3882,PSS Sleman,True,1,2,0,2,1,2,,,,,Stadion Batakan,Balikpapan
1479870,2025-11-12T12:00:00+00:00,1762948800,UTC,,FT,Match Finished,90,886,UEFA U17 Championship - Qualification,World,2026,Group Stage - 1,17984,Wales U17,False,17979,Slovenia U17,True,1,2,0,2,1,2,,,,,,
1482794,2025-11-12T12:00:00+00:00,1762948800,UTC,,FT,Match Finished,90,424,Ligue 1,Congo-DR,2025,Regular Season - 4,8064,Maniema Union,True,10007,Rangers,False,1,0,0,0,1,0,,,,,,
1483136,2025-11-12T12:00:00+00:00,1762948800,UTC,,FT,Match Finished,90,424,Ligue 1,Congo-DR,2025,Regular Season - 6,21621,FC MK,,20468,Céleste,,1,1,0,1,1,1,,,,,,
1484235,2025-11-12T12:00:00+00:00,1762948800,UTC,,FT,Match Finished,90,314,Cup,Bosnia,2025,Round of 32,26990,FK Crni Vrh Jaružani,False,3359,Radnik Bijeljina,True,0,1,0,1,0,1,,,,,,
1412607,2025-11-12T12:30:00+00:00,1762950600,UTC,,FT,Match Finished,90,336,Druha Liga,Ukraine,2025,Regular Season - 18,26739,Bukovyna 2,False,24587,Nyva Ternopil II,True,1,2,0,1,1,2,,,,,,
1441031,2025-11-12T12:30:00+00:00,1762950600,UTC,,FT,Match Finished,90,946,Second NL,Croatia,2025,Regular Season - 7,5711,Križevci,True,8580,Grobničan Čavle,False,1,0,0,0,1,0,,,,,Gradski stadion Krizevci,Krizevci
1467447,2025-11-12T12:30:00+00:00,1762950600,UTC,,FT,Match Finished,90,319,2. Division,Cyprus,2025,Regular Season - 6,3398,Doxa,True,20024,Ahironas / Onisilos,False,2,0,1,0,2,0,,,,,Makario Stadium,Nicosia
1468970,2025-11-12T12:30:00+00:00,1762950600,UTC,,FT,Match Finished,90,1140,AFC Women's Champions League,World,2025,Group Stage - 2,26464,Naegohyang W,True,14379,Suwon FMC,False,3,0,0,0,3,0,,,,,,
1472662,2025-11-12T12:30:00+00:00,1762950600,UTC,,FT,Match Finished,90,574,Srpska Liga - East,Serbia,2025,East - 13,17432,Sloga Leskovac,True,22082,Jedinstvo Kruševac,False,2,1,0,0,2,1,,,,,Igralište FK Sloga Leskovac,Leskovac
1366935,2025-11-12T12:45:00+00:00,1762951500,UTC,,FT,Match Finished,90,893,UEFA U19 Championship - Qualification,World,2026,Qualifying Round - 1,10346,Serbia U19,True,10363,Gibraltar U19,False,4,0,3,0,4,0,,,,,,
1366927,2025-11-12T13:00:00+00:00,1762952400,UTC,,FT,Match Finished,90,893,UEFA U19 Championship - Qualification,World,2026,Qualifying Round - 1,10351,Turkey U19,True,10369,Liechtenstein U19,False,7,0,3,0,7,0,,,,,,
1366933,2025-11-12T13:00:00+00:00,1762952400,UTC,,FT,Match Finished,90,893,UEFA U19 Championship - Qualification,World,2026,Qualifying Round - 1,10352,Ukraine U19,True,10354,Albania U19,False,3,0,1,0,3,0,,,,,,
1434015,2025-11-12T13:00:00+00:00,1762952400,UTC,,FT,Match Finished,90,703,Professional Development League,England,2025,Regular Season - 14,20018,Peterborough United U21,True,20093,Crewe Alexandra U21,False,5,0,1,0,5,0,,,,,Weston Homes Stadium,Peterborough
1435883,2025-11-12T13:00:00+00:00,1762952400,UTC,,FT,Match Finished,90,566,Ligue A,Burundi,2025,Regular Season - 12,26333,Garage Express,False,12184,Musongati,True,0,2,,,0,2,,,,,Stade Ingoma,Gitega
1435884,2025-11-12T13:00:00+00:00,1762952400,UTC,,FT,Match Finished,90,566,Ligue A,Burundi,2025,Regular Season - 12,12181,Kayanza United,False,8070,Rukinzo,True,1,2,,,1,2,,,,,Stade de Gatwaro,Kayanza
1435885,2025-11-12T13:00:00+00:00,1762952400,UTC,,FT,Match Finished,90,566,Ligue A,Burundi,2025,Regular Season - 12,4447,Aigle Noir,True,26334,Green Farmers FC,False,3,1,,,3,1,,,,,Stade Peace Park Progress,Makamba
1435886,2025-11-12T13:00:00+00:00,1762952400,UTC,,FT,Match Finished,90,566,Ligue A,Burundi,2025,Regular Season - 12,12177,Bumamuru,True,12186,Vital'O,False,2,1,,,2,1,,,,,Stade Urukundo,Mwumba
1435888,2025-11-12T13:00:00+00:00,1762952400,UTC,,FT,Match Finished,90,566,Ligue A,Burundi,2025,Regular Season - 12,12185,Ngozi City,False,12180,Inter Star,True,1,2,,,1,2,,,,,Stade Urukundo,Mwumba
1482593,2025-11-12T13:00:00+00:00,1762952400,UTC,,FT,Match Finished,90,847,Premier League,Eswatini,2025,Regular Season - 3,26848,Tabankulu,True,20372,Nsingizini Hotspurs,False,2,0,,,2,0,,,,,,
1483108,2025-11-12T13:00:00+00:00,1762952400,UTC,,FT,Match Finished,90,424,Ligue 1,Congo-DR,2025,Regular Season - 7,17767,Tshinkunku,True,17766,Panda B5,False,2,0,,,2,0,,,,,,
1485673,2025-11-12T13:00:00+00:00,1762952400,UTC,,FT,Match Finished,90,1164,CAF Women's Champions League,World,2025,Group Stage - 2,25380,TP Mazembe W,True,27008,Gaborone United Ladies,False,3,0,1,0,3,0,,,,,Suez Canal Stadium,Ismailia
1486049,2025-11-12T13:00:00+00:00,1762952400,UTC,,NS,Not Started,,424,Ligue 1,Congo-DR,2025,Regular Season - 10,27053,Saint-Luc,,21622,Tanganyika,,,,,,,,,,,,,
1366939,2025-11-12T13:30:00+00:00,1762954200,UTC,,FT,Match Finished,90,893,UEFA U19 Championship - Qualification,World,2026,Qualifying Round - 1,10330,Czech Republic U19,True,10357,Azerbaijan U19,False,6,1,1,0,6,1,,,,,,
1472148,2025-11-12T13:30:00+00:00,1762954200,UTC,,FT,Match Finished,90,828,Ligue 2,Tunisia,2025,Regular Season - 5,985,Stade Gabesien,True,10598,Ariana,False,2,1,2,0,2,1,,,,,,
1486079,2025-11-12T13:30:00+00:00,1762954200,UTC,,FT,Match Finished,90,760,LFA First Division,Liberia,2025,Regular Season - 7,22358,Paynesville,True,25191,Black Man Warrior,False,1,0,0,0,1,0,,,,,,
1435882,2025-11-12T13:45:00+00:00,1762955100,UTC,,FT,Match Finished,90,566,Ligue A,Burundi,2025,Regular Season - 12,12178,Dynamik,True,8092,Olympic Star,False,2,1,0,1,2,1,,,,,Stade Urunani,Buganda
1366925,2025-11-12T14:00:00+00:00,1762956000,UTC,,FT,Match Finished,90,893,UEFA U19 Championship - Qualification,World,2026,Qualifying Round - 1,10338,Italy U19,True,10373,Moldova U19,False,8,0,4,0,8,0,,,,,,
1366932,2025-11-12T14:00:00+00:00,1762956000,UTC,,FT,Match Finished,90,893,UEFA U19 Championship - Qualification,World,2026,Qualifying Round - 1,10341,North Macedonia U19,False,10327,Belgium U19,True,0,1,0,0,0,1,,,,,,
1366937,2025-11-12T14:00:00+00:00,1762956000,UTC,,FT,Match Finished,90,893,UEFA U19 Championship - Qualification,World,2026,Qualifying Round - 1,10378,Romania U19,True,10355,Andorra U19,False,4,1,0,0,4,1,,,,,,
1483137,2025-11-12T14:00:00+00:00,1762956000,UTC,,FT,Match Finished,90,424,Ligue 1,Congo-DR,2025,Regular Season - 6,15286,JSK,True,6437,Vita Club,False,1,0,0,0,1,0,,,,,,
1483138,2025-11-12T14:00:00+00:00,1762956000,UTC,,FT,Match Finished,90,424,Ligue 1,Congo-DR,2025,Regular Season - 6,17764,Etoile de Kivu,False,8574,Dauphins Noirs,True,0,3,0,0,0,3,,,,,,
1483139,2025-11-12T14:00:00+00:00,1762956000,UTC,,CANC,Match Cancelled,,424,Ligue 1,Congo-DR,2025,Regular Season - 6,26889,Martin Pêcheur,,10085,Renaissance,,,,,,,,,,,,,
1468533,2025-11-12T15:00:00+00:00,1762959600,UTC,,FT,Match Finished,90,570,Premier League,Ghana,2025,Regular Season - 7,22782,Vision,,6411,Asante Kotoko,,0,0,0,0,0,0,,,,,Nii Adjei Kraku II Sports Complex,Tema
1479869,2025-11-12T15:00:00+00:00,1762959600,UTC,,FT,Match Finished,90,886,UEFA U17 Championship - Qualification,World,2026,Group Stage - 1,17971,Portugal U17,True,17961,Liechtenstein U17,False,10,0,2,0,10,0,,,,,,
1468247,2025-11-12T15:30:00+00:00,1762961400,UTC,,FT,Match Finished,90,386,Ligue 1,Ivory-Coast,2025,Regular Season - 4,25587,ISCA,False,4525,Stade d'Abidjan,True,0,1,0,0,0,1,,,,,,
1366919,2025-11-12T16:00:00+00:00,1762963200,UTC,,FT,Match Finished,90,893,UEFA U19 Championship - Qualification,World,2026,Qualifying Round - 1,10332,England U19,True,10370,Lithuania U19,False,2,0,1,0,2,0,,,,,,
1366924,2025-11-12T16:00:00+00:00,1762963200,UTC,,FT,Match Finished,90,893,UEFA U19 Championship - Qualification,World,2026,Qualifying Round - 1,10328,Bulgaria U19,,10365,Hungary U19,,1,1,1,0,1,1,,,,,,
1432874,2025-11-12T16:00:00+00:00,1762963200,UTC,,FT,Match Finished,90,878,Segunda División RFEF - Group 4,Spain,2025,Group 4 - 8,9400,Lorca Deportiva,True,9764,Puente Genil,False,1,0,1,0,1,0,,,,,Estadio Francisco Artés Carrasco,Lorca
1485745,2025-11-12T16:00:00+00:00,1762963200,UTC,,FT,Match Finished,90,1164,CAF Women's Champions League,World,2025,Group Stage - 2,27009,JKT Queens Dar,,27013,ASEC Mimosas W,,1,1,1,0,1,1,,,,,Suez Canal Stadium,Ismailia
1486080,2025-11-12T16:00:00+00:00,1762963200,UTC,,FT,Match Finished,90,760,LFA First Division,Liberia,2025,Regular Season - 7,26910,Gardnersville,,26908,Borough,,1,1,1,0,1,1,,,,,,
1461068,2025-11-12T16:30:00+00:00,1762965000,UTC,,FT,Match Finished,90,449,Tercera División RFEF - Group 11,Spain,2025,Group 11 - 6,26536,Son Cladera,True,9780,Formentera,False,2,1,0,1,2,1,,,,,Campo de futbol Son Cladera,Palma de Mallorca
1484996,2025-11-12T16:30:00+00:00,1762965000,UTC,,FT,Match Finished,90,10,Friendlies,World,2025,Friendlies 1,25282,USA U19,True,10336,Germany U19,False,2,1,1,1,2,1,,,,,,
1484997,2025-11-12T16:45:00+00:00,1762965900,UTC,,FT,Match Finished,90,10,Friendlies,World,2025,Friendlies 1,28,Tunisia,,1491,Mauritania,,1,1,1,0,1,1,,,,,,
1366931,2025-11-12T17:00:00+00:00,1762966800,UTC,,FT,Match Finished,90,893,UEFA U19 Championship - Qualification,World,2026,Qualifying Round - 1,10343,Portugal U19,,10361,Estonia U19,,1,1,1,0,1,1,,,,,,
1388945,2025-11-12T17:00:00+00:00,1762966800,UTC,,PST,Match Postponed,,315,Premijer Liga,Bosnia,2025,Regular Season - 3,3364,Borac Banja Luka,,588,Zrinjski,,,,,,,,,,,,Gradski stadion Banja Luka,Banja Luka
1436810,2025-11-12T17:00:00+00:00,1762966800,UTC,"Kamal Umudlu, Azerbaijan",FT,Match Finished,90,10,Friendlies,World,2025,Friendlies 1,4,Russia,,30,Peru,,1,1,1,0,1,1,,,,,Gazprom Arena,Saint Petersburg
1482365,2025-11-12T17:00:00+00:00,1762966800,UTC,,FT,Match Finished,90,1191,UEFA Europa Cup - Women,World,2025,Round of 16,13983,Nordsjælland,True,21583,ŽNK Mura,False,1,0,1,0,1,0,,,,,Right to Dream Park,Farum
1484285,2025-11-12T17:00:00+00:00,1762966800,UTC,,FT,Match Finished,90,347,Cup,Czech-Republic,2025,Round of 16,3733,Zbrojovka Brno,False,3723,Hradec Králové,True,0,3,0,0,0,3,,,,,,Brno
1366930,2025-11-12T17:30:00+00:00,1762968600,UTC,,FT,Match Finished,90,893,UEFA U19 Championship - Qualification,World,2026,Qualifying Round - 1,10380,Sweden U19,False,10350,Switzerland U19,True,0,1,0,1,0,1,,,,,,
1482364,2025-11-12T17:30:00+00:00,1762968600,UTC,,FT,Match Finished,90,1191,UEFA Europa Cup - Women,World,2025,Round of 16,16483,Häcken,True,7533,Inter Milano W,False,1,0,1,0,1,0,,,,,Bravida Arena,
1472402,2025-11-12T17:45:00+00:00,1762969500,UTC,"Marta Huerta de Aza, Spain",FT,Match Finished,90,525,UEFA Champions League Women,World,2025,League Stage - 3,1860,Bayern Munich W,True,1850,Arsenal W,False,3,2,0,2,3,2,,,,,Allianz Arena,Munich
1472516,2025-11-12T17:45:00+00:00,1762969500,UTC,"Riem Hussein, Germany",FT,Match Finished,90,525,UEFA Champions League Women,World,2025,League Stage - 3,1918,Barcelona W,True,1790,OH Leuven W,False,3,0,1,0,3,0,,,,,Estadi Johan Cruyff,Barcelona
1482368,2025-11-12T17:45:00+00:00,1762969500,UTC,,FT,Match Finished,90,1191,UEFA Europa Cup - Women,World,2025,Round of 16,10925,Sparta Praha W,False,17367,Young Boys W,True,0,3,0,0,0,3,,,,,epet ARENA,Prague
1366921,2025-11-12T18:00:00+00:00,1762970400,UTC,,FT,Match Finished,90,893,UEFA U19 Championship - Qualification,World,2026,Qualifying Round - 1,10377,Republic of Ireland U19,False,10367,Kazakhstan U19,True,0,1,0,0,0,1,,,,,,
1366922,2025-11-12T18:00:00+00:00,1762970400,UTC,,FT,Match Finished,90,893,UEFA U19 Championship - Qualification,World,2026,Qualifying Round - 1,10360,Cyprus U19,False,10340,Netherlands U19,True,0,7,0,2,0,7,,,,,,
1482362,2025-11-12T18:00:00+00:00,1762970400,UTC,,FT,Match Finished,90,1191,UEFA Europa Cup - Women,World,2025,Round of 16,10914,Breidablik W,False,10890,Fortuna Hjørring,True,0,1,0,0,0,1,,,,,,
1482366,2025-11-12T18:00:00+00:00,1762970400,UTC,,FT,Match Finished,90,1191,UEFA Europa Cup - Women,World,2025,Round of 16,1895,PSV/Eindhoven W,False,14014,Eintracht Frankfurt W,True,1,2,1,0,1,2,,,,,De Herdgang,Eindhoven
1482367,2025-11-12T18:00:00+00:00,1762970400,UTC,,FT,Match Finished,90,1191,UEFA Europa Cup - Women,World,2025,Round of 16,1792,Anderlecht W,False,17575,Austria Wien W,True,0,1,0,0,0,1,,,,,KMSK Deinze,Deinze
1485622,2025-11-12T18:00:00+00:00,1762970400,UTC,,FT,Match Finished,90,617,Copa do Brasil U20,Brazil,2025,Quarter-finals,12981,América Mineiro U20,True,25212,Paysandu PA U20,False,1,0,0,0,1,0,,,,,,
1485624,2025-11-12T18:00:00+00:00,1762970400,UTC,,FT,Match Finished,90,617,Copa do Brasil U20,Brazil,2025,Quarter-finals,12952,Atlético Mineiro U20,,12971,Sport Recife U20,,1,1,0,1,1,1,,,,,,
1486086,2025-11-12T18:00:00+00:00,1762970400,UTC,,FT,Match Finished,90,1158,Copa Gaúcha,Brazil,2025,Quarter-finals,25225,Juventude II,False,141,Brasil DE Pelotas,True,1,2,0,1,1,2,,,,,,
1406403,2025-11-12T18:30:00+00:00,1762972200,UTC,,FT,Match Finished,90,752,Oberliga - Rheinland-Pfalz / Saar,Germany,2025,Rheinland-Pfalz / Saar - 3,9365,Pirmasens,,1663,Wormatia Worms,,2,2,1,1,2,2,,,,,Sportpark Husterhöhe,Pirmasens
1407282,2025-11-12T18:30:00+00:00,1762972200,UTC,,FT,Match Finished,90,750,Oberliga - Hessen,Germany,2025,Hessen - 15,4261,Baunatal,True,19469,Weidenhausen,False,3,1,1,1,3,1,,,,,Parkstadion,Baunatal
1482361,2025-11-12T18:30:00+00:00,1762972200,UTC,,FT,Match Finished,90,1191,UEFA Europa Cup - Women,World,2025,Round of 16,1898,Ajax W,False,15630,Hammarby,True,1,3,0,1,1,3,,,,,Sportcomplex De Toekomst,Ouder-Amstel
1408091,2025-11-12T18:45:00+00:00,1762973100,UTC,,FT,Match Finished,90,84,Regionalliga - Nord,Germany,2025,North - 4,1330,Werder Bremen II,True,9338,Altona 93,False,5,1,0,1,5,1,,,,,Weserstadion Platz 11,Bremen
1473042,2025-11-12T18:45:00+00:00,1762973100,UTC,,FT,Match Finished,90,54,Non League Div One - Northern West,England,2025,Northern West - 10,8862,Lower Breck,False,8690,Avro,True,0,3,0,2,0,3,,,,,Anfield Sports Community Centre,Liverpool
1433157,2025-11-12T19:00:00+00:00,1762974000,UTC,,FT,Match Finished,90,879,Segunda División RFEF - Group 5,Spain,2025,Group 5 - 5,9715,Rayo Vallecano II,True,9714,RSD Alcalá,False,3,1,2,0,3,1,,,,,Ciudad Deportiva Rayo Vallecano Campo 4,Madrid
1466700,2025-11-12T19:00:00+00:00,1762974000,UTC,,FT,Match Finished,90,1039,Premier League International Cup,World,2025,Group Stage - 1,11915,Sunderland U21,True,9579,Athletic Club II,False,7,1,5,1,7,1,,,,,,
1466789,2025-11-12T19:00:00+00:00,1762974000,UTC,,FT,Match Finished,90,1039,Premier League International Cup,World,2025,Group Stage - 1,17000,Crystal Palace U21,True,26593,Juventus U21,False,3,1,3,0,3,1,,,,,,
1470330,2025-11-12T19:00:00+00:00,1762974000,UTC,,NS,Not Started,,697,WSL Cup,England,2025,Group Stage - 2,1856,West Ham W,,15454,Southampton W,,,,,,,,,,,,,
1470331,2025-11-12T19:00:00+00:00,1762974000,UTC,,FT,Match Finished,90,697,WSL Cup,England,2025,Group Stage - 2,1857,Brighton W,False,15402,Charlton Athletic W,True,0,1,0,1,0,1,,,,,,
1485213,2025-11-12T19:00:00+00:00,1762974000,UTC,,FT,Match Finished,90,906,Reserve League,Argentina,2025,Round of 16,18686,Gimnasia La Plata Res.,True,18691,Newell's Old Boys Res.,False,2,0,0,0,2,0,,,,,,
1485214,2025-11-12T19:00:00+00:00,1762974000,UTC,,PEN,Match Finished,120,906,Reserve League,Argentina,2025,Round of 16,20818,Instituto Res.,True,18694,Racing Club Res.,False,1,1,0,0,1,1,0,0,4,2,,
1485981,2025-11-12T19:00:00+00:00,1762974000,UTC,,FT,Match Finished,90,964,Copa de la División Profesional,Bolivia,2025,Round of 16,17760,San Antonio Bulo Bulo,True,3700,Always Ready,False,2,1,1,0,2,1,,,,,Estadio Dr. Carlos Villegas,Entre Rios
1431618,2025-11-12T19:30:00+00:00,1762975800,UTC,,FT,Match Finished,90,435,Primera División RFEF - Group 1,Spain,2025,Group 1 - 11,9418,Zamora,,9612,Ourense CF,,0,0,0,0,0,0,,,,,Estadio Ruta de la Plata,Zamora
1444149,2025-11-12T19:30:00+00:00,1762975800,UTC,,FT,Match Finished,90,57,Non League Div One - Isthmian South East,England,2025,Isthmian South East - 17,7249,Sevenoaks Town,False,7206,Ashford United,True,1,2,1,0,1,2,,,,,The Bourne Stadium,"Sevenoaks, Kent"
1435284,2025-11-12T19:30:09+00:00,1762975809,UTC,,NS,Not Started,,56,Non League Div One - Southern South,England,2025,Southern South - 16,7263,Willand Rovers,,8870,Malvern Town,,,,,,,,,,,,The Stan Robinson Stadium,"Willand, Devon"
1482363,2025-11-12T19:35:00+00:00,1762976100,UTC,,FT,Match Finished,90,1191,UEFA Europa Cup - Women,World,2025,Round of 16,10892,Glasgow City W,,20511,Sporting CP W,,1,1,1,0,1,1,,,,,Petershill Park,Glasgow
1442743,2025-11-12T19:45:00+00:00,1762976700,UTC,,FT,Match Finished,90,53,Non League Div One - Isthmian South Central,England,2025,Isthmian South Central - 17,8941,Southall,,8811,Hanworth Villa,,0,0,0,0,0,0,,,,,The Robert Parker Stadium,"Stanwell, Surrey"
1443205,2025-11-12T19:45:00+00:00,1762976700,UTC,,FT,Match Finished,90,52,Non League Div One - Isthmian North,England,2025,Isthmian North - 17,7228,Grays Athletic,False,8908,Redbridge,True,0,2,0,0,0,2,,,,,The EMR Stadium,"Tilbury, Essex"
1443206,2025-11-12T19:45:00+00:00,1762976700,UTC,,FT,Match Finished,90,52,Non League Div One - Isthmian North,England,2025,Isthmian North - 17,21703,Downham Town,,9011,Wroxham,,1,1,1,1,1,1,,,,,Memorial Field,"Downham Market, Norfolk"
1434902,2025-11-12T19:45:03+00:00,1762976703,UTC,,FT,Match Finished,90,933,Non League Div One - Southern Central,England,2025,Southern Central - 16,7208,Aylesbury United,,7679,Welwyn Garden City,,2,2,0,1,2,2,,,,,The Meadow,"Chesham, Buckinghamshire"
1435285,2025-11-12T19:45:09+00:00,1762976709,UTC,,FT,Match Finished,90,56,Non League Div One - Southern South,England,2025,Southern South - 16,7238,Larkhall Athletic,False,7682,Winchester City,True,1,2,1,0,1,2,,,,,The Plain Ham Ground,"Bath, Somerset"
1379804,2025-11-12T20:00:00+00:00,1762977600,UTC,,FT,Match Finished,90,730,Football League - Highland League,Scotland,2025,Highland League - 19,7454,Wick Academy,False,7435,Clachnacuddin,True,2,3,1,1,2,3,,,,,Harmsworth Park,Wick
1472403,2025-11-12T20:00:00+00:00,1762977600,UTC,"Ewa Augustyn, Poland",FT,Match Finished,90,525,UEFA Champions League Women,World,2025,League Stage - 3,1910,Atletico Madrid W,False,1886,Juventus W,True,1,2,1,1,1,2,,,,,Centro Deportivo Wanda Alcalá de Henares,Madrid
1472404,2025-11-12T20:00:00+00:00,1762977600,UTC,"Stephanie Frappart, France",FT,Match Finished,90,525,UEFA Champions League Women,World,2025,League Stage - 3,15495,SL Benfica,,1899,Twente W,,1,1,0,0,1,1,,,,,Estádio da Luz,Lisbon
1476022,2025-11-12T20:00:00+00:00,1762977600,UTC,"Katalin Kulcsar, Hungary",FT,Match Finished,90,525,UEFA Champions League Women,World,2025,League Stage - 3,4898,Manchester United W,True,1667,Paris Saint Germain W,False,2,1,1,1,2,1,,,,,Old Trafford,Manchester
1485621,2025-11-12T20:00:00+00:00,1762977600,UTC,,FT,Match Finished,90,617,Copa do Brasil U20,Brazil,2025,Quarter-finals,13033,Novorizontino U20,,18335,IAPE U20,,1,1,1,0,1,1,,,,,,
1486171,2025-11-12T20:00:00+00:00,1762977600,UTC,,FT,Match Finished,90,1207,CONCACAF Series,World,2026,1st Round,5531,Dominica,False,10984,Saint Martin,True,1,2,0,0,1,2,,,,,SKNFA technical centre,Basseterre
1486172,2025-11-12T20:00:00+00:00,1762977600,UTC,,FT,Match Finished,90,1207,CONCACAF Series,World,2026,1st Round,5527,Barbados,True,10982,Bonaire,False,3,2,3,0,3,2,,,,,Sir Vivian Richards Stadium,
1485623,2025-11-12T20:30:00+00:00,1762979400,UTC,,FT,Match Finished,90,617,Copa do Brasil U20,Brazil,2025,Quarter-finals,13009,Fortaleza U20,False,12973,São Paulo U20,True,0,2,0,1,0,2,,,,,,
1390721,2025-11-12T21:00:00+00:00,1762981200,UTC,,FT,Match Finished,90,339,Liga Nacional,Guatemala,2025,Apertura - 13,3636,Achuapa,,3643,Marquense,,0,0,0,0,0,0,,,,,Estadio Winston Pineda,Jutiapa
1480649,2025-11-12T21:00:00+00:00,1762981200,UTC,"Carlos Ortega, Colombia",FT,Match Finished,90,239,Primera A,Colombia,2025,Clausura - 20,1134,La Equidad,True,1462,Deportivo Pereira,False,4,0,2,0,4,0,,,,,Estadio Metropolitano de Techo,Bogota
1485799,2025-11-12T21:00:00+00:00,1762981200,UTC,,FT,Match Finished,90,1114,Carioca U20,Brazil,2025,Final,22831,Bangu U20,True,13074,Volta Redonda U20,False,2,0,0,0,2,0,,,,,,
1486173,2025-11-12T21:00:00+00:00,1762981200,UTC,,FT,Match Finished,90,1207,CONCACAF Series,World,2026,1st Round,2388,Cuba,True,5540,St. Lucia,False,3,0,2,0,3,0,,,,,Estadio Cibao FC,Santiago
1486174,2025-11-12T21:30:00+00:00,1762983000,UTC,,FT,Match Finished,90,1207,CONCACAF Series,World,2026,1st Round,5157,Bahamas,False,8150,Anguilla,True,1,2,0,1,1,2,,,,,Truman Bodden Stadium,George Town
1485215,2025-11-12T22:00:00+00:00,1762984800,UTC,,FT,Match Finished,90,906,Reserve League,Argentina,2025,Round of 16,18681,Boca Juniors Res.,True,18690,Lanús Res.,False,1,0,1,0,1,0,,,,,,
1485982,2025-11-12T22:00:00+00:00,1762984800,UTC,,FT,Match Finished,90,964,Copa de la División Profesional,Bolivia,2025,Round of 16,3706,Nacional Potosí,True,3707,Oriente Petrolero,False,3,1,1,1,3,1,,,,,,
1486087,2025-11-12T22:30:00+00:00,1762986600,UTC,,FT,Match Finished,90,1158,Copa Gaúcha,Brazil,2025,Quarter-finals,7767,Aimoré,True,10042,Esportivo,False,1,0,0,0,1,0,,,,,,
1486175,2025-11-12T23:00:00+00:00,1762988400,UTC,,FT,Match Finished,90,1207,CONCACAF Series,World,2026,1st Round,5536,St. Kitts and Nevis,,10985,Sint Maarten,,0,0,0,0,0,0,,,,,SKNFA technical centre,Basseterre
1486176,2025-11-12T23:00:00+00:00,1762988400,UTC,,FT,Match Finished,90,1207,CONCACAF Series,World,2026,1st Round,5526,Antigua and Barbuda,,8167,Aruba,,0,0,0,0,0,0,,,,,Sir Vivian Richards Stadium,
1485255,2025-11-12T23:10:00+00:00,1762989000,UTC,,FT,Match Finished,90,240,Primera B,Colombia,2025,Clausura - Quadrangular - 3,1459,Real Cartagena,,22099,Real Soacha,,0,0,0,0,0,0,,,,,,Cartagena
1351198,2025-11-12T23:30:00+00:00,1762990200,UTC,"Savio Pereira Sampaio, Brazil",FT,Match Finished,90,71,Serie A,Brazil,2025,Regular Season - 16,1062,Atletico-MG,,154,Fortaleza EC,,3,3,2,0,3,3,,,,,Arena MRV,Belo Horizonte
